tile1_coord,tile2_coord,match_count,inliers,mean_error,median_error,min_error,max_error
"(0.0,0.0)","(0.0,1.0)",1106,1106,0.759,0.643,0.014,3.565
"(1.0,0.0)","(0.0,0.0)",1371,1371,0.662,0.571,0.004,2.296
"(1.0,0.0)","(1.0,1.0)",817,817,0.673,0.493,0.008,3.156
"(2.0,0.0)","(1.0,0.0)",1151,1151,0.728,0.623,0.006,3.043
"(2.0,0.0)","(2.0,1.0)",957,957,0.767,0.66,0.014,2.85
"(3.0,0.0)","(2.0,0.0)",1214,1214,0.772,0.684,0.014,2.898
"(3.0,0.0)","(3.0,1.0)",734,734,0.677,0.478,0.009,3.542
"(4.0,0.0)","(3.0,0.0)",1012,1012,0.813,0.714,0.004,2.823
"(4.0,0.0)","(4.0,1.0)",724,724,0.609,0.408,0.005,2.473
"(5.0,0.0)","(4.0,0.0)",1035,1035,0.758,0.66,0.001,3.09
"(5.0,0.0)","(5.0,1.0)",703,703,0.673,0.498,0.002,2.822
"(6.0,0.0)","(5.0,0.0)",1023,1023,0.705,0.56,0.006,2.923
"(6.0,0.0)","(6.0,1.0)",840,840,0.681,0.518,0.009,3.021
"(0.0,1.0)","(0.0,2.0)",1055,1055,0.822,0.704,0.008,4.62
"(1.0,1.0)","(0.0,1.0)",1280,1280,0.713,0.607,0.005,3.206
"(1.0,1.0)","(1.0,2.0)",981,981,0.715,0.557,0.01,2.827
"(2.0,1.0)","(1.0,1.0)",1011,1011,0.688,0.513,0.01,3.03
"(2.0,1.0)","(2.0,2.0)",806,806,0.787,0.613,0.015,3.04
"(3.0,1.0)","(2.0,1.0)",965,965,0.729,0.588,0.015,3.125
"(3.0,1.0)","(3.0,2.0)",854,854,0.8,0.658,0.002,2.694
"(4.0,1.0)","(3.0,1.0)",865,865,0.728,0.589,0.015,2.966
"(4.0,1.0)","(4.0,2.0)",668,668,0.689,0.496,0.008,2.772
"(5.0,1.0)","(4.0,1.0)",896,896,0.719,0.623,0.014,2.789
"(5.0,1.0)","(5.0,2.0)",740,740,0.676,0.491,0.007,2.858
"(6.0,1.0)","(5.0,1.0)",934,934,0.717,0.523,0.014,3.003
"(6.0,1.0)","(6.0,2.0)",743,743,0.669,0.508,0.008,2.708
"(0.0,2.0)","(0.0,3.0)",961,961,0.706,0.544,0.006,3.061
"(1.0,2.0)","(0.0,2.0)",1444,1444,0.794,0.728,0.005,2.896
"(1.0,2.0)","(1.0,3.0)",856,856,0.756,0.646,0.006,2.972
"(2.0,2.0)","(1.0,2.0)",965,965,0.8,0.675,0.008,3.251
"(2.0,2.0)","(2.0,3.0)",774,774,0.787,0.62,0.009,3.154
"(3.0,2.0)","(2.0,2.0)",989,989,0.754,0.651,0.018,2.846
"(3.0,2.0)","(3.0,3.0)",711,711,0.732,0.579,0.015,3.24
"(4.0,2.0)","(3.0,2.0)",868,868,0.762,0.585,0.006,3.403
"(4.0,2.0)","(4.0,3.0)",1050,1050,0.805,0.726,0.007,2.312
"(5.0,2.0)","(4.0,2.0)",883,883,0.684,0.54,0.006,2.656
"(5.0,2.0)","(5.0,3.0)",745,745,0.683,0.532,0.001,2.371
"(6.0,2.0)","(5.0,2.0)",1020,1020,0.736,0.641,0.013,2.699
"(6.0,2.0)","(6.0,3.0)",794,794,0.76,0.629,0.009,2.571
"(0.0,3.0)","(0.0,4.0)",890,890,0.716,0.56,0.007,2.562
"(1.0,3.0)","(0.0,3.0)",1251,1251,0.751,0.695,0.01,2.565
"(1.0,3.0)","(1.0,4.0)",994,994,0.812,0.715,0.013,3.051
"(2.0,3.0)","(1.0,3.0)",1040,1040,0.835,0.72,0.002,3.318
"(2.0,3.0)","(2.0,4.0)",839,839,0.725,0.58,0.008,2.491
"(3.0,3.0)","(2.0,3.0)",894,894,0.825,0.74,0.028,2.504
"(3.0,3.0)","(3.0,4.0)",913,913,0.83,0.704,0.011,2.863
"(4.0,3.0)","(3.0,3.0)",1062,1062,0.798,0.674,0.012,3.122
"(4.0,3.0)","(4.0,4.0)",904,904,0.725,0.577,0.019,2.725
"(5.0,3.0)","(4.0,3.0)",932,932,0.679,0.55,0.016,2.894
"(5.0,3.0)","(5.0,4.0)",694,694,0.707,0.556,0.012,2.779
"(6.0,3.0)","(5.0,3.0)",868,868,0.744,0.616,0.004,2.786
"(6.0,3.0)","(6.0,4.0)",793,793,0.723,0.61,0.008,2.383
"(0.0,4.0)","(0.0,5.0)",818,818,0.69,0.543,0.001,2.545
"(1.0,4.0)","(0.0,4.0)",1073,1073,0.797,0.699,0.012,3.214
"(1.0,4.0)","(1.0,5.0)",648,648,0.692,0.529,0.014,4.321
"(2.0,4.0)","(1.0,4.0)",1034,1034,0.832,0.736,0.017,4.028
"(2.0,4.0)","(2.0,5.0)",727,727,0.739,0.581,0.011,2.935
"(3.0,4.0)","(2.0,4.0)",855,855,0.74,0.647,0.012,7.444
"(3.0,4.0)","(3.0,5.0)",780,780,0.737,0.592,0.005,2.729
"(4.0,4.0)","(3.0,4.0)",1065,1065,0.769,0.668,0.006,3.966
"(4.0,4.0)","(4.0,5.0)",993,993,0.758,0.68,0.012,2.345
"(5.0,4.0)","(4.0,4.0)",985,985,0.737,0.644,0.004,2.766
"(5.0,4.0)","(5.0,5.0)",975,975,0.806,0.693,0.015,2.73
"(6.0,4.0)","(5.0,4.0)",901,901,0.77,0.639,0.02,2.67
"(6.0,4.0)","(6.0,5.0)",1139,1139,0.852,0.775,0.016,2.98
"(0.0,5.0)","(0.0,6.0)",826,826,0.727,0.555,0.009,2.536
"(1.0,5.0)","(0.0,5.0)",997,997,0.711,0.591,0.012,3.128
"(1.0,5.0)","(1.0,6.0)",804,804,0.763,0.619,0.018,2.923
"(2.0,5.0)","(1.0,5.0)",910,910,0.752,0.586,0.022,2.489
"(2.0,5.0)","(2.0,6.0)",758,758,0.726,0.574,0.007,2.65
"(3.0,5.0)","(2.0,5.0)",880,880,0.727,0.64,0.017,3.485
"(3.0,5.0)","(3.0,6.0)",781,781,0.667,0.512,0.006,2.275
"(4.0,5.0)","(3.0,5.0)",818,818,0.757,0.614,0.011,3.638
"(4.0,5.0)","(4.0,6.0)",776,776,0.825,0.674,0.03,3.582
"(5.0,5.0)","(4.0,5.0)",932,932,0.748,0.654,0.011,2.971
"(5.0,5.0)","(5.0,6.0)",692,692,0.69,0.503,0.01,3.753
"(6.0,5.0)","(5.0,5.0)",832,832,0.757,0.629,0.008,3.352
"(6.0,5.0)","(6.0,6.0)",932,932,0.794,0.648,0.011,4.033
"(1.0,6.0)","(0.0,6.0)",967,967,0.733,0.607,0.012,2.787
"(2.0,6.0)","(1.0,6.0)",1051,1051,0.88,0.752,0.017,3.709
"(3.0,6.0)","(2.0,6.0)",1208,1208,0.847,0.796,0.029,2.99
"(4.0,6.0)","(3.0,6.0)",754,754,0.76,0.637,0.014,3.586
"(5.0,6.0)","(4.0,6.0)",1168,1168,0.808,0.775,0.01,2.688
"(6.0,6.0)","(5.0,6.0)",847,847,0.696,0.497,0.004,2.957
